<?xml version="1.0" encoding="UTF-8"?>
<build-type xmlns:xsi="http://www.w3.org/2001/XMLSchema-instance" uuid="c8ee03a9-b7fe-4672-9550-07aef366fbe4" xsi:noNamespaceSchemaLocation="http://www.jetbrains.com/teamcity/schemas/9.0/project-config.xsd">
  <name>[Lesson 5] Run TestNG tests via Maven</name>
  <description />
  <settings>
    <options>
      <option name="artifactRules" value="Lesson5\TestNG\target\site\desired_name.html" />
    </options>
    <parameters />
    <build-runners>
      <runner id="RUNNER_4" name="Clean previous build results" type="Maven2">
        <parameters>
          <param name="goals" value="clean" />
          <param name="maven.home" value="" />
          <param name="mavenSelection" value="mavenSelection:default" />
          <param name="pomLocation" value="Lesson5/TestNG/pom.xml" />
          <param name="teamcity.coverage.emma.include.source" value="true" />
          <param name="teamcity.coverage.emma.instr.parameters" value="-ix -*Test*" />
          <param name="teamcity.coverage.idea.includePatterns" value="*" />
          <param name="teamcity.coverage.jacoco.patterns" value="+:*" />
          <param name="teamcity.step.mode" value="default" />
          <param name="userSettingsPath" value="" />
          <param name="userSettingsSelection" value="userSettingsSelection:default" />
        </parameters>
      </runner>
      <runner id="RUNNER_5" name="Run TestNG tests" type="Maven2">
        <parameters>
          <param name="goals" value="test" />
          <param name="maven.home" value="" />
          <param name="mavenSelection" value="mavenSelection:default" />
          <param name="pomLocation" value="Lesson5/TestNG/pom.xml" />
          <param name="teamcity.coverage.emma.include.source" value="true" />
          <param name="teamcity.coverage.emma.instr.parameters" value="-ix -*Test*" />
          <param name="teamcity.coverage.idea.includePatterns" value="*" />
          <param name="teamcity.coverage.jacoco.patterns" value="+:*" />
          <param name="teamcity.step.mode" value="default" />
          <param name="userSettingsPath" value="" />
          <param name="userSettingsSelection" value="userSettingsSelection:default" />
        </parameters>
      </runner>
      <runner id="RUNNER_6" name="Create report" type="Maven2">
        <parameters>
          <param name="goals" value="site" />
          <param name="maven.home" value="" />
          <param name="mavenSelection" value="mavenSelection:default" />
          <param name="pomLocation" value="Lesson5/TestNG/pom.xml" />
          <param name="teamcity.coverage.emma.include.source" value="true" />
          <param name="teamcity.coverage.emma.instr.parameters" value="-ix -*Test*" />
          <param name="teamcity.coverage.idea.includePatterns" value="*" />
          <param name="teamcity.coverage.jacoco.patterns" value="+:*" />
          <param name="teamcity.step.mode" value="execute_if_failed" />
          <param name="userSettingsPath" value="" />
          <param name="userSettingsSelection" value="userSettingsSelection:default" />
        </parameters>
      </runner>
    </build-runners>
    <vcs-settings>
      <vcs-entry-ref root-id="MyFirstTestProject_Git" />
    </vcs-settings>
    <requirements />
    <build-triggers>
      <build-trigger id="vcsTrigger" type="vcsTrigger">
        <parameters>
          <param name="quietPeriodMode" value="USE_DEFAULT" />
        </parameters>
      </build-trigger>
    </build-triggers>
    <cleanup />
  </settings>
</build-type>

