INSERT INTO airports (airport,dutyFree,priorityBoarding)
VALUES
('London', 1,1),
('Paris',1,1),
('Sydney',0,0),
('Berlin',1,0),
('Munich',1,0),
('New-York',0,0),
('Kiev',1,1),
('Budapest',1,0),
('Beijing',0,1),
('Prague',1,1),
('Helsinki',0,0),
('Ottava',0,0),
('Vilnius',1,1),
('Milan',1,1),
('Barcelona',1,0);

INSERT INTO flights VALUES
(1001,'London','Munich',0,90,12),
(1002,'London','New-York',1,300,0),
(1003,'London','Ottava',1,290,2),
(1004,'London','Milan',0,45,33),
(1005,'New-York','Sydney',2,681,17),
(1006,'New-York','Kiev',1,220,80),
(1007,'New-York','Milan',1,440,1),
(1008,'New-York','Barcelona',0,375,14),
(1009,'New-York','Prague',1,410,21),
(1010,'New-York','Helsinki',1,200,5),
(1011,'Budapest','London',0,15,47),
(1012,'Budapest','Kiev',0,39,0),
(1013,'Budapest','Vilnius',0,50,11),
(1014,'Beijing','Helsinki',2,190,33),
(1015,'Beijing','Barcelona',1,149,13),
(1016,'Sydney','Berlin',1,800,13),
(1017,'Sydney','Munich',1,1200,13),
(1018,'Sydney',	'Milan',1,1000,9),
(1019,'Paris','Ottava',1,999,2),
(1020,'Paris','Vilnius',0,67,3),
(1021,'Paris','Helsinki',0,95,10),
(1022,'Paris','New-York',0,212,10),
(1023,'Kiev','New-York',2,220,25),
(1024,'Kiev','Milan',0,99,8),
(1025,'Munich','London',0,15,0),
(1026,'Ottava','Vilnius',1,333,0),
(1027,'Ottava','Milan',1,310,1),
(1028,'Ottava','Barcelona',1,310,4),
(1029,'Berlin','Kiev',0,87,7),
(1030,'Prague','Helsinki',1,87,23),
(1031,'Barcelona','Ottava',1,310,6),
(1032,'Helsinki','Budapest',0,94,8),
(1033,'Milan','Beijing',2,190,0),
(1034,'Milan','Sydney',2,725,2),
(1035,'Vilnius','Munich',0,41,100);

INSERT INTO airlines VALUES
(1001,'WizzAir',1,0,0),
(1002,'WizzAir',0,0,0),
(1003,'Lufthansa',0,1,0),
(1004,'Lufthansa',1,1,1),
(1005,'Lufthansa',0,0,1),
(1006,'Lufthansa',1,0,1),
(1007,'Windrose Aero',1,0,1),
(1008,'Windrose Aero',1,0,1),
(1009,'WizzAir',0,0,0),
(1010,'Cathay Pacific',0,1,1),
(1011,'Cathay Pacific',1,1,0),
(1012,'Austrian Airlines',0,1,1),
(1013,'AirAsia',0,1,1),
(1014,'Virgin',0,1,1),
(1015,'Virgin',1,0,0),
(1016,'Virgin',1,1,0),
(1017,'AirAsia',0,0,0),
(1018,'Emirates',1,1,1),
(1019,'Ryanair',0,0,0),
(1020,'AirAsia',1,0,1),
(1021,'Windrose Aero',0,0,0),
(1022,'WizzAir',0,0,0),
(1023,'AirAsia',1,1,1),
(1024,'AirAsia',0,0,0),
(1025,'Emirates',1,1,1),
(1026,'WizzAir',1,0,1),
(1027,'Emirates',0,1,0),
(1028,'Austrian Airlines',0,0,0),
(1029,'Turkish Airlines',1,1,1),
(1030,'Air France',1,0,0),
(1031,'Air France',1,0,1),
(1032,'Air France',1,1,0),
(1033,'Air France',0,1,1),
(1034,'WizzAir',0,1,1),
(1035,'Ryanair',0,1,0)