<?xml version="1.0" encoding="UTF-8"?>
<vcs-root xmlns:xsi="http://www.w3.org/2001/XMLSchema-instance" uuid="848c8542-3334-4f18-84fc-7cd64c72025c" type="jetbrains.git" xsi:noNamespaceSchemaLocation="http://www.jetbrains.com/teamcity/schemas/9.0/project-config.xsd">
  <name>GIT</name>
  <param name="agentCleanFilesPolicy" value="ALL_UNTRACKED" />
  <param name="agentCleanPolicy" value="ON_BRANCH_CHANGE" />
  <param name="authMethod" value="PASSWORD" />
  <param name="branch" value="refs/heads/master" />
  <param name="ignoreKnownHosts" value="true" />
  <param name="secure:password" value="zxxa216a23411e054f7" />
  <param name="submoduleCheckout" value="CHECKOUT" />
  <param name="url" value="https://github.com/IgorDuganets1/homework.git" />
  <param name="useAlternates" value="true" />
  <param name="username" value="IgorDuganets1" />
  <param name="usernameStyle" value="USERID" />
</vcs-root>

